id;user_id;name;phone_number
1;98d66ea6-7e3a-4fc6-955e-e4bbc7c9d432;Electronics USB Personal Loan Account;generate firewall concept
2;b88d3180-f569-438c-a8ff-3bf9430f6d10;cultivate frame;Clothing indexing
3;ddaee2a0-d1f8-4aeb-91b0-f643fdd94c32;Maryland Infrastructure;Outdoors Triple-buffered
4;ce4a1e1d-3a73-47ed-8ce5-8c5441bde521;New Zealand Dollar Regional salmon;Manager strategic fuchsia
5;7d73de41-5dc5-4645-908c-e7957ef91e21;Customer Gloves Dynamic;Personal Loan Account
6;3e8d130e-aff8-41d1-8bb9-87a7e3a7be07;Ball Tasty Avon;Checking Account
7;5649b9e6-ba5e-4f10-bc6e-ef1e94e2013d;Sausages silver;Cotton
8;4d9d992f-6f43-4632-a5c4-8ac2bcbff4b6;Bedfordshire architecture;Pants world-class Ball
9;dba38813-bdd8-4326-8fa8-396d0f4948b4;withdrawal;Consultant Human bypass
10;c6e81f14-60b0-4233-9128-fde58cb1b12f;convergence Administrator Practical Metal Hat;AGP Synchronised
